{"cameraMode":{"drawMode":0,"name":"Shaded","section":"Shading Mode"},"sceneLighting":true,"audioPlay":false,"sceneViewState":{"showFog":true,"showMaterialUpdate":false,"showSkybox":true,"showFlares":true,"showImageEffects":true,"showParticleSystems":true},"in2DMode":false,"pivot":{"x":682.7518310546875,"y":293.70159912109377,"z":-232.92735290527345},"rotation":{"x":-0.06775473058223725,"y":0.009575017727911473,"z":-0.0006503277109004557,"w":-0.9976562261581421},"size":8.173786163330079,"orthographic":false}